timestamp,date
1546504229000,2019-01-03
1547368233000,2019-01-13
1547368231000,2019-01-13
1548232234000,2019-01-23
1548664231000,2019-01-28
1548664228000,2019-01-28
1551256229000,2019-02-27
1551256227000,2019-02-27
1552120229000,2019-03-09
1552120226000,2019-03-09
1554280234000,2019-04-03
1554712233000,2019-04-08
1560328241000,2019-06-12
1562056243000,2019-07-02
1562056240000,2019-07-02
1564216239252,2019-07-27
1564216236663,2019-07-27
1565080238578,2019-08-06
1565080235995,2019-08-06
1565944237470,2019-08-16
1565944234885,2019-08-16
1567672231414,2019-09-05
1568536233362,2019-09-15
1568536230778,2019-09-15
1576312229637,2019-12-14
1576312227061,2019-12-14
1577608226886,2019-12-29
1581064228579,2020-02-07
1581064226003,2020-02-07
1581496224700,2020-02-12
1583224229976,2020-03-03
1583224227396,2020-03-03
1584952230652,2020-03-23
1584952228074,2020-03-23
1585816230179,2020-04-02
1586248231160,2020-04-07
1586248228587,2020-04-07
1591000240593,2020-06-01
1591000238002,2020-06-01
1591432236412,2020-06-06
1591432233829,2020-06-06
1595320239598,2020-07-21
1595320237017,2020-07-21
1595752236718,2020-07-26
1595752234145,2020-07-26
1596184240178,2020-07-31
1596184237591,2020-07-31
1596616237533,2020-08-05
1596616234957,2020-08-05
1600504239153,2020-09-19
1603528237782,2020-10-24
1603528235201,2020-10-24
1606120232114,2020-11-23
1610008234976,2021-01-07
1610008232388,2021-01-07
1611736234813,2021-01-27
1611736232226,2021-01-27
1619512231251,2021-04-27
1619512228672,2021-04-27
1622104232537,2021-05-27
1622536235223,2021-06-01
1622536232641,2021-06-01
1623400235441,2021-06-11
1623400232857,2021-06-11
1624696235880,2021-06-26
1624696233295,2021-06-26
1625128235553,2021-07-01
1625128232973,2021-07-01
1625560236946,2021-07-06
1625560234364,2021-07-06
1627288237778,2021-07-26
1627288235193,2021-07-26
1627720236028,2021-07-31
1627720233446,2021-07-31
1629880236335,2021-08-25
1629880233752,2021-08-25
1633768232570,2021-10-09
1636360234512,2021-11-08
1636360231928,2021-11-08
1637656234450,2021-11-23
1639816225821,2021-12-18
1641544227859,2022-01-07
1641976235465,2022-01-12
1641976232880,2022-01-12
1644136228757,2022-02-06
1644136226173,2022-02-06
1654504232791,2022-06-06
1656232236777,2022-06-26
1656664247367,2022-07-01
1656664244778,2022-07-01
1657096239357,2022-07-06
1657096236771,2022-07-06
1657528247237,2022-07-11
1657528244650,2022-07-11
1658392245705,2022-07-21
1658392243121,2022-07-21
1659688238782,2022-08-05
1659688236198,2022-08-05
1660120246276,2022-08-10
1661416234398,2022-08-25
1661416231827,2022-08-25
1664440239083,2022-09-29
1665736230826,2022-10-14
1672648230393,2023-01-02
1673080233162,2023-01-07
1673080230575,2023-01-07
1673944230195,2023-01-17
1673944227613,2023-01-17
1678264229762,2023-03-08
1678264227179,2023-03-08
1680856234378,2023-04-07
1680856231792,2023-04-07
1684744236739,2023-05-22
1688200239627,2023-07-01
1689496239141,2023-07-16
1689496236549,2023-07-16
1689928240311,2023-07-21
1689928237726,2023-07-21
1690360239376,2023-07-26
1690360236787,2023-07-26
1691224239384,2023-08-05
1691224236799,2023-08-05
1696408235841,2023-10-04
1696408233253,2023-10-04
1706344232830,2024-01-27
1709800226053,2024-03-07
1710664233243,2024-03-17
1710664230663,2024-03-17
1718440237373,2024-06-15
1718440234790,2024-06-15
1719304237702,2024-06-25
1719304235120,2024-06-25
1719736235331,2024-06-30
1719736233737,2024-06-30
1719736242017,2024-06-30
1719736240731,2024-06-30
1721032237263,2024-07-15
1721032234683,2024-07-15
1721896237237,2024-07-25
1721896234656,2024-07-25
1722760236233,2024-08-04
1722760233652,2024-08-04
