,Temp_Avg_C,Temp_Max_C,Temp_Min_C,Humidity_%,WindSpeed_ms,Solar_MJm2day,Rainfall_mm,ET0_mm_day,Kc,ETc_mm_day,Rainfall_effective_mm,Irrigation_requirement_mm,Irrigation_needed_mm
2019-01-06,129.57999999999998,166.22,99.07,442.6,9.36,114.8,15.49,23.69996931912914,5.95953726503266,23.60841764489308,12.392,12.573034432372864,11.21641764489308
2019-01-13,155.29,207.38,110.8,454.79,12.18,145.14,4.99,31.70643315063782,7.976603398973376,36.12799127811577,3.992,32.135991278115775,32.135991278115775
2019-01-20,147.65,184.08,112.58,510.87,9.07,100.5,27.15,22.278001181319887,7.96108250997071,25.33671508024466,21.72,8.763232226320238,3.61671508024466
2019-01-27,152.88,194.18,116.88,498.64,9.67,121.63,11.69,26.068862621811324,5.905032024997288,22.0610173448473,9.352,12.742414401012518,12.7090173448473
2019-02-03,158.79,208.33,112.29,472.86,11.26,158.51999999999998,9.22,33.222508549106855,7.636187915447708,36.241902614792565,7.376,28.86590261479256,28.865902614792564
2019-02-10,157.91,197.09,121.38,508.58,9.06,131.07999999999998,28.05,27.56353996709053,7.636187915447708,30.068624400522385,22.44,12.837589624942176,7.628624400522383
2019-02-17,160.45,209.07,118.86,474.38,11.39,132.48000000000002,11.1,29.913360940087376,7.636187915447708,32.63200647444582,8.879999999999999,26.963994571154814,23.752006474445817
2019-02-24,147.8,180.27,121.44,531.78,8.86,97.39,59.82,21.552603033131508,7.636187915447708,23.51138954686292,47.856,10.98221503335889,0.0
2019-03-03,150.45,196.05,110.29,512.0699999999999,9.8,133.75,19.71,27.64857566130881,7.135148328105897,28.19861134911224,15.768,22.577423512111288,12.43061134911224
2019-03-10,149.59,185.32,114.89,505.51,8.77,117.54,8.18,24.907064478430723,7.008195881711297,24.95812441733226,6.5440000000000005,18.41412441733226,18.41412441733226
2019-03-17,157.53,203.34,115.14,489.9,10.31,127.83,25.64,28.05705597236075,7.191854353066606,28.826037161293726,20.512,14.78763327238297,8.314037161293726
2019-03-24,159.42,202.13,117.34,486.55,10.73,149.86,5.49,31.327190140220537,7.191854353066606,32.185798397041474,4.392,27.793798397041478,27.793798397041478
2019-03-31,154.45,193.79,117.51,507.67,9.27,116.11,33.94,25.26908389527298,7.191854353066606,25.96165300146061,27.152,13.361868837913743,0.0
2019-04-07,151.17000000000002,190.81,119.39,549.12,11.84,136.32,20.01,27.397381790247387,3.671509685745965,13.437134773855853,16.008,5.603561252541578,0.0
2019-04-14,147.98,181.99,117.95,556.4399999999999,8.95,127.16,30.04,25.04933474444133,7.773531186163683,27.817397832652595,24.032,13.580580765574531,3.785397832652595
2019-04-21,151.44,191.95,118.27,532.09,12.32,131.9,14.84,27.07538518506632,7.773531186163683,30.067335873358168,11.872,18.9278790271597,18.195335873358168
2019-04-28,145.5,175.15,118.52,571.51,7.13,110.14,58.68,21.638317393253725,7.773531186163683,24.02944786750941,46.944,2.55460586296669,0.0
2019-05-05,146.05,178.27,118.08,587.87,10.96,122.72,11.2,23.29109066371918,7.773531186163683,25.86485994774097,8.96,16.904859947740977,16.904859947740974
2019-05-12,142.31,177.98,114.27,574.19,14.3,121.9,31.05,23.357892548875697,7.773531186163683,25.9390437388208,24.84,8.317955892467515,1.0990437388207963
2019-05-19,141.99,175.28,112.9,569.06,13.19,113.55,29.35,22.129277137003715,7.773531186163683,24.574660850251053,23.48,11.480518101754202,1.0946608502510564
2019-05-26,140.44,176.38,110.97,576.11,12.95,110.07,43.84,21.2598347441218,7.773531186163683,23.609141199445283,35.072,2.9610314000634146,0.0
2019-06-02,143.86,177.83,113.17,566.62,10.97,113.95,43.36,21.958159815584114,7.773531186163683,24.384634302458476,34.688,6.483364530211253,0.0
2019-06-09,140.56,171.96,115.73,565.04,10.18,89.8,38.4,18.46532406595224,7.773531186163683,20.50582464132836,30.72,8.886292050641984,0.0
2019-06-16,141.09,182.06,104.87,522.54,13.33,123.55,0.79,24.382312244476086,6.698821478932104,23.26567935707816,0.6319999999999999,22.63367935707816,22.63367935707816
2019-06-23,146.42,190.42,108.76,501.05,11.41,119.47,11.4,24.71376257885022,6.268937596039472,22.132719338592505,9.12,14.0803466759657,13.012719338592504
2019-06-30,140.4,176.73,108.44,548.57,10.9,109.87,23.21,21.58614329297796,6.268937596039472,19.33174074897783,18.568,11.225461763338709,0.7637407489778276
2019-07-07,145.25,193.73,101.42,476.95,13.3,140.99,3.44,28.370304855248477,6.045825467496684,24.516831290589053,2.752,21.76483129058905,21.76483129058905
2019-07-14,140.47,177.79,109.74,533.36,13.08,103.85,23.4,21.77064252796085,6.008640112739553,18.6874222819456,18.72,9.868652654441934,0.0
2019-07-21,146.06,192.41,103.5,475.66,13.8,140.1,0.38,28.58939314636936,6.008640112739553,24.540482065450885,0.304,24.23648206545089,24.23648206545089
2019-07-28,147.73,200.2,97.86,409.21,12.3,125.76,0.15,28.620847641148654,5.73259048306824,23.35129147661029,0.12,23.231291476610288,23.231291476610288
2019-08-04,145.91,186.44,108.93,497.32,11.72,97.44,45.09,22.137014215860937,5.042466408889959,15.946450082371184,36.072,7.614141647891562,0.0
2019-08-11,153.78,199.75,110.78,454.93,13.38,121.2,6.8,27.905846417609915,4.070417539910292,16.396311104869238,5.44,12.985211114426038,10.956311104869236
2019-08-18,148.34,200.32,101.68,422.23,15.82,156.08,2.44,34.002749097616025,4.399268550048288,21.32264558892153,1.952,19.37064558892153,19.370645588921533
2019-08-25,150.61,196.04,112.91,458.84,15.96,119.07,5.93,28.537931864414908,5.053747423338876,20.603357089601037,4.744000000000001,15.859357089601032,15.859357089601032
2019-09-01,151.41,196.35,115.85,489.62,11.8,122.74,17.92,27.03860062693209,5.053747423338876,19.520894035578134,14.336,9.150488009902508,5.184894035578138
2019-09-08,152.92000000000002,194.35,116.89,479.1,13.47,125.83,15.33,28.305821679457917,5.526346894905492,22.38557774340556,12.264,16.10042741773142,10.121577743405558
2019-09-15,155.07999999999998,203.41,116.04,472.57,12.85,138.24,13.989999999999998,30.528308184483905,5.862825992397801,25.55954972585532,11.192,18.202738557173294,14.36754972585532
2019-09-22,157.45,208.25,117.99,458.49,15.47,143.4,16.97,33.01815736149152,5.75500295530188,27.145656170572316,13.576,13.569656170572314,13.569656170572314
2019-09-29,150.95,190.73,119.08,509.32,11.66,122.72,32.96,26.535482093205747,5.75500295530188,21.81596826667988,26.368,5.520676810095415,0.0
2019-10-06,143.85,179.39,111.63,537.44,13.16,114.64,81.95,24.08621366098004,5.75500295530188,19.80231868585323,65.56,7.541567507429793,0.0
2019-10-13,139.71,171.32,112.05,571.36,12.14,110.04,152.53,21.99298405257664,5.75500295530188,18.08138403121224,122.024,1.845239243118504,0.0
2019-10-20,139.5,170.9,108.91,578.32,9.86,108.93,53.68,21.364976379940725,5.75500295530188,17.565071743787676,42.944,6.078332363837352,0.0
2019-10-27,140.99,171.61,112.82,575.67,9.83,106.69,70.09,21.32912202810873,5.75500295530188,17.535594329394307,56.072,5.070704922788225,0.0
2019-11-03,136.53,168.71,107.34,574.25,9.55,111.24,28.46,21.57644575648472,5.75500295530188,17.738929870497174,22.768,4.201134397656919,0.0
2019-11-10,142.66,177.06,112.2,562.89,10.84,134.05,19.47,25.45885994264632,5.75500295530188,20.930830601220883,15.576,6.350469180375278,5.354830601220883
2019-11-17,141.63,173.18,113.85,592.86,9.93,117.26,32.21,22.30225397283625,5.75500295530188,18.33564821765225,25.768,1.4915898155551237,0.0
2019-11-24,137.28,163.74,113.54,599.01,8.36,97.6,38.05,19.033507190639558,5.75500295530188,15.648270018841457,30.44,4.768954138464474,0.0
2019-12-01,140.71,174.11,112.5,594.44,8.11,103.08,68.19,20.158243377876463,5.75500295530188,16.572964316196227,54.552,0.0,0.0
2019-12-08,139.69,170.47,115.47,607.51,8.79,97.93,32.26,19.091495957743188,5.75500295530188,15.695945093992275,25.808,2.478043294932728,0.0
2019-12-15,140.08,173.53,111.52,586.02,8.52,109.06,13.77,21.02242095791919,6.5107163966442,20.103802971841645,11.016,10.171075006114226,9.087802971841644
2019-12-22,144.25,180.89,109.33,566.54,10.21,134.05,11.74,25.31555272424304,8.4,30.37866326909165,9.392,21.298556780323405,20.98666326909165
2019-12-29,144.41,179.48,113.13,579.78,9.15,118.47,60.13,22.85701191289044,8.15543320875591,26.53933922079733,48.104000000000006,15.036001589952871,0.0
2020-01-05,145.63,180.44,113.03,566.45,10.11,137.65,36.01,25.998973882402677,6.688032461291375,24.840283040825103,28.808,11.974037338470843,0.0
2020-01-12,139.27,171.93,109.82,577.0699999999999,9.51,94.11,17.68,19.184181714700312,6.688032461291375,18.32920429303259,14.144,9.569705649915552,4.185204293032589
2020-01-19,145.35,183.44,114.13,558.01,9.95,132.92,12.99,25.755170754169956,6.688032461291375,24.607345435712983,10.392,15.238072814186278,14.215345435712983
2020-01-26,147.98,187.0,114.47,533.6,11.44,117.05,16.64,24.547211487076986,6.688032461291375,23.453221037107912,13.312,14.215420363701943,10.141221037107911
2020-02-02,137.94,168.53,111.31,591.88,9.37,93.62,65.98,18.835709372835023,6.688032461291375,17.996262245281553,52.784000000000006,2.2709817252732694,0.0
2020-02-09,145.71,183.12,114.88,564.9300000000001,9.18,142.69,36.52,27.121826780265707,7.078021924129072,27.792914322722183,29.216000000000005,15.39190727124427,0.0
2020-02-16,148.47,190.58,112.31,529.11,11.03,156.53,3.29,30.296435392295614,7.266109359398307,31.562919326903177,2.632,28.930919326903176,28.930919326903176
2020-02-23,150.71,185.36,115.72,548.45,9.51,130.94,15.37,26.065678888684445,7.133349953325897,26.562229897715003,12.296,15.295517722381025,14.266229897715002
2020-03-01,149.26,182.31,119.92,566.82,8.58,116.91,85.19,23.654875535947905,7.133349953325897,24.10550075718341,68.152,0.0,0.0
2020-03-08,148.61,182.7,116.76,560.85,8.11,128.82,30.75,25.29448844628734,7.7555385980693,28.069928842677253,24.6,15.20878895878075,3.469928842677252
2020-03-15,149.18,183.29,119.08,579.89,9.1,118.12,33.6,23.546367684775035,7.859236705526534,26.43663959857254,26.880000000000003,7.495284330430382,0.0
2020-03-22,145.29,178.73,115.6,578.77,10.23,126.07,56.6,24.397947272171933,7.859236705526534,27.392748962993515,45.28,5.810021446659592,0.0
2020-03-29,139.44,167.92,113.5,588.77,7.88,102.22,61.52,20.07319118929797,7.864994092488912,22.55364716017557,49.216,4.206658026818401,0.0
2020-04-05,143.87,177.75,114.38,584.25,9.58,139.25,23.3,25.83807414878747,7.79399486244283,28.76628664867684,18.64,10.22503892341477,10.12628664867684
2020-04-12,145.68,182.3,113.9,574.85,11.94,134.55,8.49,25.564531845804748,7.768742584818,28.37003474000995,6.792,21.578034740009947,21.578034740009947
2020-04-19,144.51,174.43,121.3,600.06,8.48,101.83,73.67,20.146567192536114,7.773408775636287,22.37250031620091,58.93600000000001,4.417690762139045,0.0
2020-04-26,141.78,171.08,116.61,589.04,6.69,105.87,158.39,20.431425030098666,7.773408775636287,22.688831232531975,126.712,2.0529916761307305,0.0
2020-05-03,138.0,169.11,113.69,610.45,10.84,96.58,76.4,18.607489413046856,7.773408775636287,20.66337449941968,61.120000000000005,2.247967438794068,0.0
2020-05-10,139.6,171.5,115.99,607.6,13.11,124.85,38.13,22.3946526734972,7.773408775636287,24.8689699456414,30.504,6.747018133629224,0.0
2020-05-17,137.73,168.38,110.41,613.35,10.81,118.88,29.71,21.183527053194315,7.773408775636287,23.524030727747057,23.768,6.199392306721808,0.0
2020-05-24,136.89,174.13,107.0,583.9300000000001,12.93,137.07,3.68,24.17668371957899,7.773408775636287,26.84789219879404,2.9440000000000004,23.90389219879404,23.903892198794043
2020-05-31,140.75,179.72,105.31,577.19,12.17,149.7,0.22,26.192860434763908,7.773408775636287,29.086830166087186,0.176,28.910830166087184,28.910830166087184
2020-06-07,136.51,173.41,103.69,568.48,12.98,150.15,0.61,25.87694278876594,6.719592338479993,24.84350202899754,0.488,24.35550202899754,24.35550202899754
2020-06-14,134.67,164.51,108.48,590.02,10.87,103.81,25.18,19.237916873009137,6.828333241304831,18.766129611061057,20.144,7.050230849966028,0.0
2020-06-21,131.05,166.44,101.4,567.86,13.11,120.73,5.29,21.773283067401152,6.828333241304831,21.23931893449642,4.232000000000001,17.007318934496418,17.007318934496418
2020-06-28,133.51999999999998,172.53,98.24,566.03,13.39,120.6,4.22,22.042987430637087,6.828333241304831,21.50240911575483,3.3760000000000003,18.12640911575483,18.12640911575483
2020-07-05,132.55,174.03,95.5,556.1899999999999,15.59,135.03,0.07,24.215121642280465,6.828333241304831,23.62127429317482,0.056,23.565274293174824,23.56527429317482
2020-07-12,133.32,174.06,97.16,554.94,15.26,117.26,21.43,22.30125108840863,6.828333241304831,21.75433916138089,17.144,13.912825505434109,4.610339161380892
2020-07-19,127.05,166.56,95.39,543.72,16.45,105.51,16.419999999999998,20.959082928169888,6.828333241304831,20.44508609509815,13.136,14.0421860591462,7.30908609509815
2020-07-26,130.1,172.25,92.56,542.89,14.89,117.88,10.76,22.5800897304726,5.587063712315871,18.098272032755848,8.608,11.3706690983501,9.490272032755849
2020-08-02,134.85,179.76,94.45,520.16,15.61,140.09,0.04,26.6721245592864,4.958099946729641,18.843248212873867,0.032,18.811248212873867,18.811248212873867
2020-08-09,139.04,182.59,96.96,501.9,14.71,134.76,4.25,26.84901141782072,4.610539640364841,17.70902459441571,3.4000000000000004,14.309024594415709,14.309024594415709
2020-08-16,146.84,186.41,110.74,519.06,9.57,109.5,3.5,22.99374911147061,4.533600337526332,14.892066961822708,2.8000000000000003,12.092066961822706,12.092066961822706
2020-08-23,148.17,189.89,113.19,502.88,15.5,121.32,8.94,26.63287712086306,4.533600337526332,17.24897438634887,7.152,11.090141415190352,10.096974386348869
2020-08-30,146.49,191.18,104.26,493.08,13.42,123.31,9.4,26.618883191466363,4.533600337526332,17.2399111173437,7.52,9.7199111173437,9.7199111173437
2020-09-06,147.51,191.67,104.87,465.71,12.11,130.99,4.63,28.014350385614417,4.533600337526332,18.143695480543204,3.704,14.439695480543206,14.439695480543204
2020-09-13,145.05,185.09,109.54,510.78,14.51,116.03,21.73,25.452226512652125,4.533600337526332,16.48431752979376,17.384,6.755262651475215,0.0
2020-09-20,153.31,202.7,113.77,473.79,14.46,147.57,4.83,32.120048363900835,4.930060495454062,22.503031894839665,3.864,18.63903189483966,18.63903189483966
2020-09-27,147.12,186.92,114.47,526.29,11.58,127.88,19.12,26.46818046691911,5.921210890273388,22.38909691806326,15.296,7.407033812295642,7.093096918063258
2020-10-04,147.65,186.3,115.63,525.16,10.94,124.23,19.4,25.74612109513398,5.921210890273388,21.778316087257817,15.52,9.907414031956586,6.258316087257816
2020-10-11,148.85,193.96,111.96,513.64,10.26,142.08,12.66,28.66271937825028,5.921210890273388,24.245429446763666,10.128,14.26454397242036,14.117429446763662
2020-10-18,146.42,185.89,115.46,533.79,11.57,122.76,20.96,25.369148961176005,5.921210890273388,21.45944015798331,16.768,7.838759538695782,4.691440157983308
2020-10-25,145.89,186.33,113.8,560.54,10.14,122.06,52.44,24.39378961712501,6.407530377768731,22.608051782335508,41.952000000000005,8.348034745967805,0.0
2020-11-01,137.75,174.82999999999998,110.25,578.87,11.98,102.22,39.35,20.67125871730555,7.62332909650709,22.511972577294465,31.48,3.244144345842685,0.0
2020-11-08,140.23,170.82,114.77,568.3,10.26,115.11,48.86,22.57250397572135,7.62332909650709,24.582518048448364,39.088,8.849542059307428,0.0
2020-11-15,141.09,178.17,108.77,583.38,9.94,107.44,32.17,21.229514926292996,7.62332909650709,23.119939834620137,25.736,4.538451115036482,0.0
2020-11-22,141.4,177.47,111.86,580.64,9.51,115.84,63.24,22.3633569848699,7.62332909650709,24.35474714261911,50.592000000000006,3.5513471537123324,0.0
2020-11-29,139.67,176.28,109.19,588.75,9.29,111.93,12.58,21.514222118132064,7.566673214963446,23.255869748863432,10.064,13.191869748863429,13.191869748863432
2020-12-06,141.22,180.0,108.62,575.2,10.75,120.72,13.86,23.222622467375544,7.566673214963446,25.102570772156973,11.088,15.526551581940044,14.014570772156972
2020-12-13,140.27,178.06,107.05,571.23,10.77,124.34,59.1,23.660015663697017,7.566673214963446,25.575372398301685,47.28,13.286596952131031,0.0
2020-12-20,139.61,178.5,105.0,549.91,11.24,120.9,15.8,23.75636172089767,7.566673214963446,25.67951798835704,12.64,14.843729231056765,13.03951798835704
2020-12-27,143.9,182.56,105.85,559.88,10.63,119.94,25.91,23.574900497593948,7.566673214963446,25.483366877224647,20.728,6.455758367583977,4.755366877224645
2021-01-03,141.78,178.64,110.36,550.09,10.36,120.31,32.32,23.810236684267657,7.566673214963446,25.737754308684018,25.856,13.068261810401246,0.0
2021-01-10,142.95,183.91,106.53,553.39,10.22,117.47,10.61,23.41419803985312,7.840920390359582,26.260317757899248,8.488,17.77231775789925,17.77231775789925
2021-01-17,139.05,170.39,112.98,591.57,9.18,83.7,115.28,17.515714445661498,8.046605771906684,20.13457842250416,92.224,2.6612101970516377,0.0
2021-01-24,138.24,171.72,108.24,577.94,9.98,114.71,54.33,22.04339811724071,8.046605771906684,25.339219217518007,43.464,4.742012619822903,0.0
2021-01-31,141.97,180.66,106.01,544.1,9.63,146.54,26.83,27.57859089173201,7.855180316414424,30.89051385443193,21.464,18.52169838097968,9.426513854431931
2021-02-07,146.29,186.03,113.2,532.36,9.93,127.68,28.42,25.754676768586886,7.77861013421752,28.61936995937522,22.736,15.62430444048252,5.883369959375219
2021-02-14,143.4,177.09,114.25,558.92,9.96,101.7,44.35,21.295522591032483,7.77861013421752,23.664223977151924,35.48,11.262163835994864,0.0
2021-02-21,148.46,185.7,113.61,551.95,8.870000000000001,117.85,34.3,23.95648010232363,7.77861013421752,26.621159843445,27.44,11.411518823308676,0.0
2021-02-28,143.47,180.96,111.67,551.33,10.72,136.19,13.66,26.3198690693858,7.77861013421752,29.247428610628955,10.928,20.457104850986408,18.319428610628957
2021-03-07,146.82,178.83,116.03,553.0,9.06,114.5,24.94,23.320448789793627,7.77861013421752,25.914382755827063,19.952,11.83755891513325,5.962382755827061
2021-03-14,145.42000000000002,190.65,102.34,524.5,12.78,148.06,17.18,29.225299211386968,7.77861013421752,32.47602980303343,13.744000000000002,27.99080707138478,18.732029803033427
2021-03-21,142.06,172.7,111.26,562.49,11.74,117.46,24.03,23.412293356572857,7.77861013421752,26.01644319553017,19.224,14.787306622372505,6.7924431955301685
2021-03-28,142.78,177.87,110.1,547.3,9.68,136.72,13.18,26.25127672195917,7.77861013421752,29.17120673508288,10.544,19.25306516370936,18.62720673508288
2021-04-04,138.3,166.84,110.1,586.09,9.28,121.04,26.21,22.681019288050862,7.77861013421752,25.20382949834508,20.968000000000004,9.918934025084743,4.235829498345073
2021-04-11,136.74,165.84,110.87,600.22,9.16,128.72,83.41,23.256934409845996,7.77861013421752,25.843803670180037,66.72800000000001,4.705232972887393,0.0
2021-04-18,138.51,172.99,108.57,595.58,11.15,127.12,18.22,23.331544075735597,7.77861013421752,25.92671217063709,14.576,12.12169859892532,11.350712170637092
2021-04-25,136.63,165.94,110.17,605.52,12.18,106.83,64.14,20.06684331499534,7.77861013421752,22.298878681682552,51.312,4.13163295945565,0.0
2021-05-02,141.49,177.31,109.41,590.35,10.89,133.41,8.23,24.350035000594183,7.459513948999126,25.951049851134663,6.5840000000000005,19.367049851134663,19.367049851134663
2021-05-09,138.9,170.87,112.12,595.55,10.11,100.49,21.88,19.30284812182067,7.406331251462726,20.423326755268437,17.504,7.04474047622141,2.9193267552684325
2021-05-16,137.3,170.39,113.44,612.63,10.53,103.93,80.86,19.386383244730634,7.406331251462726,20.51171086832598,64.688,4.061699131379742,0.0
2021-05-23,142.12,178.3,113.17,596.5,11.8,134.53,5.21,24.07763906926533,7.406331251462726,25.475281528591392,4.168,21.30728152859139,21.307281528591396
2021-05-30,139.32999999999998,177.49,105.31,565.96,12.35,140.07,0.72,25.127350110935428,7.384297334261378,26.5063651006995,0.576,25.930365100699504,25.9303651006995
2021-06-06,139.75,175.69,109.46,572.65,13.49,134.29,4.17,24.26959652996061,7.624968516658084,26.43678348365445,3.3360000000000003,23.100783483654457,23.100783483654453
2021-06-13,134.22,177.02,98.48,546.65,14.76,144.87,0.72,25.88484063179487,7.399566862328114,27.29792264920539,0.5760000000000001,26.72192264920539,26.72192264920539
2021-06-20,135.94,171.51,104.2,560.97,12.02,104.43,20.08,20.344148326809325,7.0418765187108825,20.465854342247127,16.064,12.722083431062774,4.401854342247127
2021-06-27,132.54,177.01,92.59,534.37,13.92,136.23,0.21,24.89343395189369,6.743566107236375,23.86854788469985,0.168,23.70054788469985,23.70054788469985
2021-07-04,135.19,180.37,96.97,517.72,14.28,125.23,0.71,24.578752214129963,5.981657764756784,20.998904859426204,0.568,20.430904859426203,20.430904859426203
2021-07-11,134.22,179.29999999999998,94.32,510.22,14.21,124.37,2.95,24.55204973614571,5.713067319753198,20.06156650582045,2.3600000000000003,17.701566505820452,17.701566505820452
2021-07-18,135.55,177.15,101.7,525.22,15.14,108.69,8.540000000000001,22.550659573528808,5.670318784810099,18.267061227091155,6.832,13.63044325718796,11.435061227091154
2021-07-25,137.51,188.79,92.07,470.58,16.73,149.79,0.03,29.98086297961956,5.670318784810099,24.285864362593497,0.024,24.261864362593496,24.261864362593496
2021-08-01,136.2,184.38,96.51,471.47,17.92,142.36,0.13,29.33712955879377,4.654987034579454,19.46901604320524,0.104,19.36501604320524,19.36501604320524
2021-08-08,149.87,194.14,112.47,477.17,13.29,130.87,3.06,28.07593295829628,4.342115811177255,17.41556463025298,2.448,14.96756463025298,14.96756463025298
2021-08-15,145.32,183.37,113.48,524.41,12.31,98.19,50.76,21.890073563628164,4.342115811177255,13.578462075494729,40.608,5.492786869040964,0.0
2021-08-22,147.46,189.12,108.97,492.22,14.53,125.96,7.31,27.18484722452389,4.342115811177255,16.86282213686333,5.848,11.907859597114186,11.01482213686333
2021-08-29,151.15,206.76,97.95,409.81,15.29,169.54,0.43,36.44377908354468,5.0097053663162185,26.16763353476316,0.344,25.82363353476316,25.82363353476316
2021-09-05,152.38,193.52,117.83,482.16,13.46,112.73,23.21,26.230759802510214,5.276741188371804,19.773275807456155,18.568,7.661795538775729,1.2052758074561538
2021-09-12,149.68,191.15,114.6,496.51,14.92,105.98,25.49,25.221523612934625,5.276741188371804,19.01249321169488,20.392,10.62417840366587,0.0
2021-09-19,147.99,188.73,114.5,519.4399999999999,11.34,127.28,82.48,26.660551992728585,5.276741188371804,20.09726182925127,65.98400000000001,5.967279367155828,0.0
2021-09-26,145.3,184.24,110.84,514.06,13.36,125.38,7.87,26.428058522099715,5.276741188371804,19.922003561752003,6.296,13.626003561752002,13.626003561752004
2021-10-03,153.01,195.58,116.46,504.85,11.26,135.43,12.56,28.48130598406284,5.276741188371804,21.46978291210353,10.048,13.444115742884607,11.421782912103527
2021-10-10,154.45,198.58,117.55,490.31,10.95,146.74,5.779999999999999,30.50576288952942,5.445036150011905,23.701380712505063,4.6240000000000006,19.07738071250506,19.07738071250506
2021-10-17,152.14,197.49,115.67,508.16,11.18,120.74,12.22,26.438843692062097,5.865773554112158,22.15489573288613,9.776,15.593806843729991,12.378895732886129
2021-10-24,148.44,188.15,118.76,534.46,10.77,128.72,18.44,26.429698790772285,5.865773554112158,22.14723260143745,14.752,9.268251151825387,7.395232601437451
2021-10-31,153.87,194.65,123.74,508.91,10.73,133.27,31.81,28.166531686611957,5.865773554112158,23.602642382627216,25.448,6.591911292649112,0.0
2021-11-07,144.3,179.81,115.9,570.46,10.11,124.65,94.14,24.265761007498824,5.865773554112158,20.33392274117037,75.312,2.434007731451535,0.0
2021-11-14,147.13,183.86,114.84,528.13,10.54,135.66,6.21,26.95405338008968,7.8446281216995,30.206360734177284,4.968000000000001,25.238360734177284,25.238360734177284
2021-11-21,145.63,182.78,113.25,544.81,9.46,118.31,52.96,23.855718254443232,7.8446281216995,26.73417689744936,42.368,7.742013544793741,0.0
2021-11-28,141.7,174.55,111.78,568.41,9.68,117.68,25.91,22.871621258289,7.492785485517045,24.45642095516304,20.728,6.440657763988424,3.7284209551630383
2021-12-05,140.17000000000002,171.61,114.13,566.28,9.28,112.93,21.700000000000003,22.05265252666801,7.434145046153302,23.420373933667012,17.360000000000003,10.243854066428296,6.060373933667012
2021-12-12,145.0,180.01,115.74,566.98,9.57,111.78,80.89,22.31379322683124,7.434145046153302,23.69771076830522,64.712,7.2096991407189215,0.0
2021-12-19,144.92,177.26,116.94,561.0,8.28,113.44,26.22,22.437117523816745,7.371063110029469,23.61402997418516,20.976000000000003,6.628008676985564,2.6380299741851587
2021-12-26,144.59,176.01999999999998,120.68,587.89,8.5,109.08,49.92,21.34675973743386,7.213358269719886,21.997403697677434,39.936,4.621647471132279,0.0
2022-01-02,140.67000000000002,169.7,114.39,585.48,8.3,108.37,32.92,20.946954709877904,7.213358269719886,21.585412711706528,26.336,8.863663609744076,0.0
2022-01-09,149.51,186.51,116.6,523.0,8.77,121.6,3.92,24.84713150004017,7.603809576441627,27.108580679479463,3.136,23.972580679479467,23.972580679479467
2022-01-16,149.24,189.23,111.73,504.01,9.52,137.7,9.44,27.779329650359564,8.249526011672835,32.73133292116771,7.552,25.762242884645048,25.179332921167717
2022-01-23,138.39,172.08,108.61,564.05,9.49,104.16,40.46,20.91861563921517,8.299571888847057,24.80222204468952,32.368,7.503727564432901,0.0
2022-01-30,148.67,187.76,113.11,505.02,11.08,138.54,39.51,28.202878777948,8.299571888847057,33.43883141285978,31.608000000000004,15.96602983162909,1.830831412859773
2022-02-06,141.44,174.81,117.08,557.96,9.59,103.01,54.33,21.288912712748072,8.248393236083475,25.026317520559,43.464000000000006,5.896954803821478,0.0
2022-02-13,143.59,176.21,111.15,545.79,8.790000000000001,114.1,76.33,22.91189650641364,7.941321319501986,25.992961742372245,61.064,0.0,0.0
2022-02-20,142.49,176.6,111.16,562.44,8.65,112.71,29.78,22.433884783152823,7.941321319501986,25.45066964395753,23.824,7.895978052657443,1.626669643957527
2022-02-27,144.68,180.14,111.45,541.08,8.82,114.89,28.09,23.49015812799569,7.941321319501986,26.648984791475005,22.472,12.629618234125711,4.176984791475004
2022-03-06,149.82,190.43,110.19,528.57,9.87,142.69,9.72,28.27859455930377,7.941321319501986,32.08134369419313,7.776,24.305343694193127,24.30534369419313
2022-03-13,151.22,190.85,110.57,520.79,9.81,143.33,9.68,28.619417511539535,7.941321319501986,32.46799863373106,7.744,24.723998633731057,24.723998633731057
2022-03-20,149.85,188.93,114.2,541.47,9.29,130.05,26.49,26.12937558091308,7.941321319501986,29.64310962371137,21.192,17.251345147947813,8.451109623711375
2022-03-27,142.11,173.26999999999998,110.52,568.79,10.19,119.92,43.94,23.32753326372456,7.941321319501986,26.4644910340868,35.152,10.18469756590824,0.0
2022-04-03,139.57,173.62,109.04,587.24,10.4,126.52,71.35,23.72871718572942,7.941321319501986,26.9196239530666,57.080000000000005,7.030362082078463,0.0
2022-04-10,144.35,181.95,108.43,556.87,10.79,123.25,35.13,24.29940884330265,7.941321319501986,27.567059071230634,28.104000000000003,9.76928923033598,0.0
2022-04-17,141.06,174.69,110.68,581.97,12.12,118.17,26.14,22.79982974819044,7.941321319501986,25.865824865760047,20.912000000000003,13.902629436512653,4.953824865760044
2022-04-24,140.88,172.04,111.8,596.62,9.55,108.12,46.74,20.66693468094736,7.941321319501986,23.4461098557946,37.392,4.9983994128273945,0.0
2022-05-01,138.75,169.91,110.21,591.23,10.0,103.62,45.540000000000006,19.99126097073956,7.941321319501986,22.679575278666004,36.432,6.24443276043958,0.0
2022-05-08,137.78,171.26999999999998,109.16,598.31,13.71,115.21,18.43,21.30331548730404,7.941321319501986,24.16806763648634,14.744,9.848846406895172,9.424067636486342
2022-05-15,141.44,178.3,109.38,586.74,12.5,126.14,24.92,23.24519785268864,7.941321319501986,26.371083611942584,19.936,13.967563566221362,6.435083611942584
2022-05-22,141.54,179.01999999999998,107.52,565.89,12.9,124.79,3.75,23.54054034464708,7.941321319501986,26.70614213022035,3.0,23.70614213022035,23.70614213022035
2022-05-29,137.6,170.65,111.63,594.02,10.04,99.21,25.03,19.013418642352885,7.941321319501986,21.570238117304783,20.024,9.263948926786258,1.5462381173047817
2022-06-05,131.96,170.87,100.66,569.75,14.2,128.22,12.29,22.97108185881776,7.941321319501986,26.060106013922116,9.832,16.51814299145584,16.228106013922112
2022-06-12,132.7,172.57,99.61,562.57,14.16,119.31,6.12,22.09947780619957,7.356395471013792,23.22464263504233,4.896000000000001,18.32864263504233,18.32864263504233
2022-06-19,139.72,180.55,100.39,532.52,13.01,136.18,9.88,25.392900494235423,7.356395471013792,26.68574545595676,7.904000000000001,18.78174545595676,18.78174545595676
2022-06-26,133.77,175.69,95.52,521.67,14.22,130.57,0.61,24.654788014257523,7.242666118356675,25.516219941161072,0.488,25.028219941161076,25.028219941161076
2022-07-03,131.55,178.82999999999998,89.35,505.16,16.939999999999998,145.08,0.02,27.249407007365225,6.484477130139299,25.230092934063347,0.016,25.214092934063345,25.21409293406335
2022-07-10,131.25,185.26,83.6,463.47,13.96,152.72,0.13,29.0235995233436,6.206339420252757,25.749512663992604,0.104,25.645512663992605,25.645512663992605
2022-07-17,138.37,186.82,95.94,492.71,17.5,146.13,0.62,28.92761112989209,5.821962654761908,24.059353098529527,0.496,23.563353098529525,23.56335309852953
2022-07-24,137.08,189.25,89.95,469.67,17.71,145.33,0.08,29.79377242093519,5.403777657289208,22.92319676534656,0.064,22.85919676534656,22.85919676534656
2022-07-31,145.64,190.69,107.32,490.59,15.25,108.11,7.35,24.90046060058985,5.090138909184683,18.10668619424037,5.88,12.22668619424037,12.226686194240372
2022-08-07,141.88,183.04,105.5,504.29,13.05,110.51,16.92,23.83127869734933,5.3904444667486455,18.592514812079735,13.536,14.236021086388249,5.056514812079737
2022-08-14,147.81,197.3,101.8,447.48,14.31,139.66,24.08,30.29997074770846,5.646634132596965,24.470888751266763,19.264,21.491630637743835,5.206888751266764
2022-08-21,140.39,179.03,107.7,539.51,12.69,105.9,115.6,22.171367574720406,5.58894703490218,17.70208558092285,92.48,8.235580178733516,0.0
2022-08-28,142.6,186.24,103.99,492.81,15.73,134.1,9.5,28.09442798204441,6.202061072625285,24.799738347847864,7.6,20.23362986598889,17.199738347847862
2022-09-04,143.21,182.4,108.55,522.61,12.56,109.06,33.26,23.41450692916747,6.661896600917614,22.283574874797523,26.608,10.075909875350888,0.0
2022-09-11,143.49,180.35,110.93,532.69,10.56,110.58,38.57,23.13136187500604,6.661896600917614,22.014105864242573,30.856,6.021721492083064,0.0
2022-09-18,141.61,176.17,111.63,555.1800000000001,13.26,115.49,94.52,23.441526703006247,6.661896600917614,22.30928958043954,75.616,6.777430077246222,0.0
2022-09-25,148.34,186.46,112.62,518.44,12.42,127.3,47.68,26.586412288486923,6.661896600917614,25.302275665037897,38.144000000000005,6.1253963950934205,0.0
2022-10-02,144.35,181.96,110.7,516.11,12.17,143.95,16.39,28.447399291544887,7.078108968326889,28.77226541579516,13.112,15.660265415795156,15.660265415795156
2022-10-09,143.94,180.76,112.74,519.7,11.84,144.22,36.88,28.31674779143283,7.390268243883845,29.89548028187058,29.504,8.565453734444967,0.391480281870578
2022-10-16,144.78,186.44,110.23,527.51,10.94,144.65,14.86,28.2945008041333,7.221102188441892,29.209839870785547,11.888000000000002,17.56811536035321,17.321839870785546
2022-10-23,143.53,178.05,114.09,558.17,9.13,117.65,51.33,23.42983978204527,6.99554744785262,23.414936555840363,41.06400000000001,9.831438156979562,0.0
2022-10-30,149.09,189.08,114.22,523.57,10.25,143.07,11.76,28.358523228467348,6.99554744785262,28.34048497082485,9.408,18.95174323702976,18.93248497082485
2022-11-06,143.76,178.11,116.41,565.58,10.6,121.08,17.34,23.85143744116806,6.99554744785262,23.83626604559709,13.872,11.688152031762794,9.964266045597093
2022-11-13,139.94,172.85,114.26,586.11,8.74,108.22,41.52,21.164758536811554,6.99554744785262,21.151296080944142,33.216,6.878892884748133,0.0
2022-11-20,139.15,171.67,110.56,581.31,8.05,106.35,64.96,20.798788182009982,6.99554744785262,20.785558512155305,51.968,3.551562389479886,0.0
2022-11-27,139.67,172.04,113.93,573.11,9.21,113.65,15.45,22.04157044940437,6.99554744785262,22.027550271999207,12.36,10.300263257826307,9.667550271999207
2022-12-04,139.59,172.63,110.19,572.02,9.62,113.05,47.24,21.97382617601779,6.99554744785262,21.95984908931405,37.792,9.420647716560564,0.0
2022-12-11,136.69,166.82999999999998,106.6,569.12,8.379999999999999,103.89,14.93,20.342002151069263,6.99554744785262,20.32906303316072,11.944,10.268025075611453,8.385063033160721
2022-12-18,139.83,176.71,107.76,574.78,10.28,120.94,23.49,23.00047650104654,6.99554744785262,22.98584638375575,18.792,7.009501407346624,4.193846383755748
2022-12-25,140.53,174.59,111.75,583.65,9.78,111.91,39.23,21.613045114089168,6.99554744785262,21.59929751259857,31.384,6.482469177187781,0.0
2023-01-01,139.95,176.32,109.72,580.75,10.66,112.84,13.04,21.870275905437342,6.99554744785262,21.856364684873547,10.432,11.424364684873549,11.424364684873549
2023-01-08,143.75,184.06,107.62,509.2,11.05,143.27,2.96,28.08494698682727,8.085872203948249,32.449362496918575,2.368,30.081362496918576,30.081362496918576
2023-01-15,140.81,178.64,104.77,538.21,10.2,111.03,23.24,22.6482090699962,7.903636738786032,25.571888181904136,18.592,12.704380601903352,6.979888181904133
2023-01-22,145.88,185.07,108.34,505.32,11.27,129.77,6.87,26.592353178302783,7.75605334019008,29.46849815605893,5.496,23.972498156058933,23.972498156058933
2023-01-29,143.06,179.74,111.43,518.3,8.45,132.38,12.28,26.02432773172841,7.731456107090755,28.743706796343275,9.824,18.919706796343277,18.91970679634328
2023-02-05,150.65,193.1,112.78,471.91,10.51,116.96,5.97,26.24347133016603,7.731456107090755,28.985749526696186,4.776,24.209749526696186,24.209749526696186
2023-02-12,151.32999999999998,196.28,108.34,471.92,11.14,130.22,4.61,28.31920363444885,7.731456107090755,31.27838284107233,3.6880000000000006,27.590382841072326,27.590382841072326
2023-02-19,155.16,203.06,116.72,473.73,11.26,142.46,14.52,30.76045004914589,7.731456107090755,33.97472419847559,11.616,22.358724198475592,22.358724198475592
2023-02-26,153.09,196.98,114.08,497.04,10.1,109.2,7.359999999999999,24.722599967064863,7.731456107090755,27.305956642646475,5.888,21.417956642646477,21.417956642646477
2023-03-05,143.94,177.02,112.7,554.69,8.92,119.49,22.14,23.75008544482065,7.731456107090755,26.23182045089798,17.712,11.798590684677958,8.519820450897981
2023-03-12,157.06,205.63,115.73,497.5,10.79,134.86,7.37,29.17130035929978,6.578374132392214,27.743919773764567,5.896,21.847919773764566,21.847919773764566
2023-03-19,143.75,180.26,114.17,551.52,8.98,111.46,43.900000000000006,22.75851412912182,6.117141342512798,19.88814966763039,35.12,5.312062979781872,0.0
2023-03-26,135.85,171.31,109.2,576.02,7.96,105.63,30.65,20.74824668827021,6.117141342512798,18.131422514495995,24.520000000000003,5.959197313562765,0.0
2023-04-02,139.35,177.5,107.85,581.44,9.35,120.96,31.15,23.08148275935732,6.117141342512798,20.170384633394438,24.92,9.968022164105406,0.0
2023-04-09,141.51,178.35,107.1,565.62,10.14,124.08,23.87,23.91090826390749,6.669808694031197,22.835447116707947,19.096,8.177458091002773,3.7394471167079466
2023-04-16,141.59,174.44,107.69,575.47,9.81,122.61,77.93,23.37143821925238,7.406698496055729,24.72931375845657,62.344,10.502277366815814,0.0
2023-04-23,137.98,165.77,110.88,612.67,11.78,113.99,90.51,20.868085775900887,7.406698496055729,22.08051707598958,72.40800000000002,0.6116569519737571,0.0
2023-04-30,139.35,170.6,114.15,601.85,9.83,107.21,58.080000000000005,20.316536471944392,7.406698496055729,21.49692287597313,46.464000000000006,1.4257406748935475,0.0
2023-05-07,141.66,177.05,108.48,584.02,9.49,111.85,31.49,21.372325983973703,7.406698496055729,22.614053531815827,25.192,7.088685829559893,0.0
2023-05-14,143.87,180.7,111.23,584.55,11.49,126.93,8.790000000000001,23.64039149126326,7.406698496055729,25.01389315778689,7.032000000000001,17.98189315778689,17.98189315778689
2023-05-21,149.7,188.2,112.33,558.56,10.38,141.84,2.37,26.594945540359117,7.406698496055729,28.140106162351696,1.896,26.24410616235169,26.24410616235169
2023-05-28,147.6,188.65,110.51,547.97,12.87,129.57999999999998,10.22,25.21738596693996,7.89903526172936,28.456145851642543,8.176,20.280145851642544,20.280145851642544
2023-06-04,143.76,186.23,104.75,538.85,13.71,125.91,5.68,24.68236491591317,7.89903526172936,27.85241011623853,4.5440000000000005,23.30841011623853,23.30841011623853
2023-06-11,148.97,193.81,106.91,505.65,13.93,127.03,0.69,26.332050857435554,7.89903526172936,29.71397117664775,0.552,29.16197117664775,29.16197117664775
2023-06-18,149.53,189.28,112.73,519.74,10.51,109.1,16.9,22.764503455438867,7.89903526172936,25.688230787181634,13.52,19.640336919292167,12.168230787181637
2023-06-25,149.14,187.18,115.95,513.87,11.43,100.67,15.17,21.99208949353393,7.89903526172936,24.816612912647468,12.136,15.632153534808266,12.680612912647469
2023-07-02,148.57999999999998,193.01,109.74,490.92,12.77,126.6,1.04,26.356421542168626,7.55634363926714,28.302648029769976,0.8320000000000001,27.47064802976997,27.470648029769976
2023-07-09,142.73,192.87,98.79,467.51,15.07,132.19,0.33,28.10036005322535,6.699614583111587,26.89451171475356,0.264,26.630511714753556,26.63051171475356
2023-07-16,147.6,201.47,101.47,451.7,15.92,145.79,0.24,31.30324355394836,6.598984366216556,29.4651485786366,0.192,29.2731485786366,29.2731485786366
2023-07-23,147.99,207.82,94.51,410.72,15.26,167.03,0.0,35.23531317270982,5.895828405117683,29.65932869036443,0.0,29.65932869036443,29.65932869036443
2023-07-30,153.07999999999998,207.74,106.65,420.04,14.28,153.33,0.23,33.54384624007372,5.5923889723378295,26.791721622274945,0.184,26.607721622274944,26.607721622274944
2023-08-06,154.15,204.95,111.54,433.97,17.689999999999998,120.24,1.0599999999999998,30.52656970216312,5.432161885723965,23.657407097588408,0.848,22.80940709758841,22.80940709758841
2023-08-13,158.44,209.75,111.01,429.8,14.59,126.51,0.08,30.62590186364295,5.20253405566424,22.76175677586191,0.064,22.69775677586191,22.69775677586191
2023-08-20,164.01999999999998,211.73,120.16,420.58,14.43,130.71,2.2,32.0559221784696,5.20253405566424,23.824575259887247,1.76,22.06457525988725,22.06457525988725
2023-08-27,167.17000000000002,223.21,117.6,390.35,15.32,141.47,2.53,35.89859207469698,5.20253405566424,26.68052111700135,2.024,24.65652111700135,24.65652111700135
2023-09-03,160.19,207.86,118.08,424.38,15.31,128.33,11.56,32.10060452344964,5.20253405566424,23.857784034379478,9.248,14.609784034379476,14.609784034379476
2023-09-10,159.35,202.8,122.48,481.01,10.69,102.09,14.989999999999998,24.676913011917904,5.20253405566424,18.34035433330956,11.992,6.636570366868533,6.348354333309558
2023-09-17,158.19,203.04,120.54,487.6,13.07,118.7,12.2,27.64988289008033,5.20253405566424,20.549922481538708,9.76,11.613777126013966,10.789922481538708
2023-09-24,156.93,202.59,120.89,495.16,12.19,123.18,27.09,27.81057248533434,5.20253405566424,20.669350066067256,21.672,8.68007361826909,0.0
2023-10-01,152.88,197.08,117.53,524.35,11.79,139.74,49.18,28.784119128069857,5.20253405566424,21.392908575154276,39.344,5.573539274402448,0.0
2023-10-08,155.67,201.95,117.47,481.51,14.73,136.46,11.92,30.636137906271443,6.658226878717085,29.25259966332232,9.536,24.13991375654174,19.71659966332232
2023-10-15,155.56,194.05,122.41,513.87,9.9,120.6,21.42,26.0491661393218,7.240504007938222,26.944155976458305,17.136000000000003,14.69943328191537,9.808155976458302
2023-10-22,149.25,185.48,118.62,538.3299999999999,9.5,113.79,15.83,23.876216320758296,7.240504007938222,24.69654856640721,12.664,13.023809086851466,12.032548566407208
2023-10-29,155.55,196.41,122.81,505.33,10.54,114.68,25.13,25.7387565344159,7.240504007938222,26.62308140668349,20.104,20.592008606770584,6.51908140668349
2023-11-05,146.12,178.91,119.39,556.51,9.66,100.98,26.66,21.381276690699195,7.240504007938222,22.11588851054909,21.328,10.94176230620372,0.7878885105490916
2023-11-12,147.39,181.62,115.56,559.37,8.76,115.08,29.44,23.098288629413453,7.240504007938222,23.891893056826,23.552,7.800610948900757,0.3398930568259963
2023-11-19,144.07,174.66,116.54,583.72,12.15,104.82,30.65,21.169700992052626,7.240504007938222,21.897043554258683,24.52,3.2929895695497047,0.0
2023-11-26,142.82,173.72,117.36,581.91,8.86,101.72,41.78,20.43145849626185,7.240504007938222,21.13343673288677,33.424,3.860185916244718,0.0
2023-12-03,144.41,181.44,113.47,571.56,9.81,118.74,32.95,23.223540864514163,7.240504007938222,24.021448672575985,26.36,3.4222425071133427,0.0
2023-12-10,146.49,183.42,114.89,564.74,8.47,112.47,28.48,22.45726569001911,7.240504007938222,23.22884603370241,22.784,11.499674228209626,0.4448460337024116
2023-12-17,148.28,184.69,118.45,572.54,10.55,118.48,11.56,23.51122216059698,7.240504007938222,24.3190140407612,9.248,15.071014040761195,15.071014040761195
2023-12-24,157.19,199.87,118.71,527.93,11.25,125.26,7.57,26.55784824967029,7.240504007938222,27.47031524199326,6.056,21.414315241993258,21.414315241993258
2023-12-31,149.25,184.26,122.04,555.35,10.73,93.91,44.15,20.769484117140426,7.240504007938222,21.483076141852067,35.32,10.776088177898329,0.0
2024-01-07,150.75,188.43,117.74,533.84,8.05,113.96,6.41,23.657422581133503,7.240504007938222,24.470237573740764,5.128,19.527870777186216,19.342237573740764
2024-01-14,147.15,185.52,118.47,554.78,10.23,100.52,94.65,21.65149736794105,7.240504007938222,22.395393352920152,75.72,6.993820101416492,0.0
2024-01-21,149.03,184.25,119.0,543.28,8.9,101.59,5.24,21.76625619695099,7.240504007938222,22.51409503311912,4.192,18.322095033119115,18.32209503311912
2024-01-28,149.17000000000002,186.51,116.36,538.22,9.55,117.3,20.83,24.28144062126693,7.462172476725469,26.04323649557801,16.664,13.005199798352502,9.37923649557801
2024-02-04,152.27,189.04,120.73,542.88,9.29,118.13,14.54,24.57659886129712,8.016343648693583,28.144923169749877,11.632,16.51292316974987,16.512923169749875
2024-02-11,154.28,196.26,116.43,529.2,9.91,122.28,11.17,25.836185246974186,8.016343648693583,29.587391358721767,8.936,20.651391358721767,20.651391358721767
2024-02-18,160.87,199.83,126.09,517.66,8.44,124.7,18.51,26.619772147370064,8.016343648693583,30.48474876903434,14.808,20.05742106347193,15.67674876903434
2024-02-25,160.11,204.05,123.37,502.05,10.68,132.63,15.74,28.91477864037974,8.016343648693583,33.11297172959843,12.592,23.75884644547603,20.52097172959843
2024-03-03,146.74,177.64,121.23,560.55,7.45,114.33,32.17,22.98234925825461,8.016343648693583,26.31920135835244,25.736,8.483852363799013,0.58320135835244
2024-03-10,151.22,188.9,120.31,556.3100000000001,10.52,126.18,24.2,25.670240834194576,7.571571849584501,27.68699357766707,19.36,13.406191616939545,8.326993577667071
2024-03-17,156.49,200.38,112.09,528.97,12.48,156.02,0.93,31.37920903905449,7.299726590173428,32.78200746549216,0.744,32.03800746549216,32.03800746549216
2024-03-24,159.33,200.33,122.41,526.0600000000001,11.31,131.88,7.54,28.022926969675613,7.670128129697864,30.70563434665398,6.032,24.673634346653976,24.67363434665398
2024-03-31,154.91,192.43,125.89,542.06,9.58,118.13,14.65,25.03189716068729,7.670128129697864,27.42826550741309,11.72,16.57075846837411,15.708265507413094
2024-04-07,148.34,184.14,119.63,575.15,8.16,102.84,38.6,21.20538561896769,7.670128129697864,23.23543210530494,30.880000000000003,3.981058087055913,0.0
2024-04-14,148.46,178.0,121.64,575.55,8.12,109.95,90.33,21.983312360639705,7.670128129697864,24.08783178875391,72.26400000000001,9.937058005196722,0.0
2024-04-21,148.7,181.98,118.81,583.59,11.77,120.0,14.44,23.43500864344684,7.670128129697864,25.678502716544884,11.552,15.568929370795509,14.126502716544884
2024-04-28,148.01,178.94,122.84,587.47,9.21,100.94,44.93,20.38821858729785,7.670128129697864,22.34003555726601,35.944,9.319586258815312,0.0
2024-05-05,151.67,185.13,123.35,571.99,10.63,104.0,51.67,21.463415476430374,7.670128129697864,23.51816382930873,41.336,5.710138207754286,0.0
2024-05-12,149.61,183.29,119.96,571.95,11.98,122.39,18.59,23.85828984479565,7.670128129697864,26.14230572357885,14.872000000000002,13.46836720616353,11.270305723578852
2024-05-19,155.72,195.46,119.78,537.97,11.03,139.63,6.48,27.497649445196405,7.670128129697864,30.13007064431026,5.184000000000001,24.94607064431026,24.946070644310257
2024-05-26,152.49,192.45,117.17000000000002,535.4300000000001,10.88,124.67,4.74,25.20652349650544,7.670128129697864,27.619609274633792,3.7920000000000007,23.82760927463379,23.82760927463379
2024-06-02,160.49,205.69,117.39,493.92,10.69,132.09,0.75,27.702662905855583,7.670128129697864,30.354710574534355,0.6,29.75471057453436,29.754710574534357
2024-06-09,158.51,209.87,114.76,450.06,13.54,137.03,0.47,30.5946825952957,7.670128129697864,33.523590799050744,0.376,33.14759079905075,33.14759079905075
2024-06-16,151.15,198.69,108.55,467.74,13.18,135.89,4.68,28.59691168718905,7.227073420266329,29.666407977615155,3.744,25.92240797761516,25.922407977615155
2024-06-23,152.24,203.38,108.64,456.08,14.42,133.94,1.12,29.4732119913298,6.1194366466874905,25.765636222190395,0.8959999999999999,24.869636222190397,24.869636222190397
2024-06-30,144.43,202.64,95.1,436.84,16.28,153.61,0.03,32.52365864800423,5.753873965068485,26.739687300594017,0.024,26.71568730059402,26.715687300594016
2024-07-07,152.34,208.64,101.85,428.08,12.18,136.88,0.38,29.985916008031325,5.582320267979774,23.912998097938917,0.304,23.608998097938915,23.608998097938915
2024-07-14,154.42000000000002,201.95,113.36,454.4,12.08,123.94,12.45,27.644620028993877,5.582320267979774,22.045874669778872,9.96,15.771146899070937,12.085874669778873
2024-07-21,159.28,205.58,117.92,437.48,9.75,111.66,1.93,25.787972445436736,5.102838490937069,18.798836913971304,1.544,17.254836913971303,17.254836913971303
2024-07-28,155.88,208.91,108.28,404.86,11.05,131.78,2.16,29.72579283794704,5.079667475152931,21.56288708678874,1.728,19.834887086788743,19.83488708678874
2024-08-04,158.08,209.42,114.76,409.24,12.55,124.34,1.16,29.97558080322198,5.076004635461157,21.752687605464867,0.928,20.824687605464867,20.824687605464867
2024-08-11,161.61,219.14,113.18,372.83,12.47,143.86,10.68,34.04723689742438,5.158297168339136,25.08939509682228,8.544,19.32938539144389,16.54539509682228
2024-08-18,160.57,208.49,119.68,440.87,12.72,124.34,10.01,29.45500483379417,5.158297168339136,21.705381146796576,8.008000000000001,14.278272830892018,13.697381146796577
2024-08-25,162.13,209.86,121.2,402.98,13.06,134.69,0.68,32.42000732744719,5.158297168339136,23.89029028495784,0.544,23.34629028495784,23.34629028495784
2024-09-01,164.94,211.24,124.08,424.36,14.84,126.47,7.439999999999999,32.05894985306786,5.158297168339136,23.62422717814376,5.952000000000001,17.672227178143757,17.672227178143757
2024-09-08,164.26,207.72,128.28,419.91,14.48,118.95,6.71,30.999148432827692,5.158297168339136,22.843259940282813,5.368,17.47525994028281,17.47525994028281
2024-09-15,171.67,227.74,123.55,352.55,14.6,154.65,1.06,39.53960737784333,5.158297168339136,29.136720682052925,0.848,28.28872068205292,28.28872068205293
2024-09-22,165.37,212.42,125.98,430.52,11.95,136.24,21.21,31.846392366689983,5.158297168339136,23.467593652416287,16.968000000000004,16.021701259339224,6.499593652416284
2024-09-29,162.89,211.65,123.58,455.65,12.06,140.53,14.36,32.13009693226293,5.158297168339136,23.676655432021978,11.488,17.976434624038312,12.188655432021978
2024-10-06,157.82999999999998,204.25,119.83,480.08,14.69,115.35,30.1,28.07073624600138,5.158297168339136,20.685314184420527,24.08,8.816072135798477,0.0
2024-10-13,150.43,192.92,118.38,521.11,11.52,106.68,21.8,23.92338763717716,5.158297168339136,17.629134672275775,17.44,6.406760245224737,0.1891346722757738
2024-10-20,151.9,188.6,119.99,540.0,8.61,123.67,81.43,25.44026246727524,5.158297168339136,18.746919120964325,65.144,4.945053379523763,0.0
2024-10-27,151.26999999999998,185.91,119.31,556.52,9.49,135.48,38.72,26.604638906359146,5.158297168339136,19.60494764790823,30.976000000000003,10.573606845249254,0.0
2024-11-03,153.53,193.3,119.15,534.54,9.72,126.48,27.4,26.161213874561305,5.158297168339136,19.27818792135201,21.92,8.365102875669633,0.0
2024-11-10,0.0,0.0,0.0,0.0,0.0,0.0,0.0,0.0,0.0,0.0,0.0,0.0,0.0
2024-11-17,0.0,0.0,0.0,0.0,0.0,0.0,0.0,0.0,0.0,0.0,0.0,0.0,0.0
2024-11-24,0.0,0.0,0.0,0.0,0.0,0.0,0.0,0.0,0.0,0.0,0.0,0.0,0.0
2024-12-01,0.0,0.0,0.0,0.0,0.0,0.0,0.0,0.0,0.0,0.0,0.0,0.0,0.0
2024-12-08,0.0,0.0,0.0,0.0,0.0,0.0,0.0,0.0,0.0,0.0,0.0,0.0,0.0
2024-12-15,0.0,0.0,0.0,0.0,0.0,0.0,0.0,0.0,0.0,0.0,0.0,0.0,0.0
2024-12-22,0.0,0.0,0.0,0.0,0.0,0.0,0.0,0.0,0.0,0.0,0.0,0.0,0.0
2024-12-29,0.0,0.0,0.0,0.0,0.0,0.0,0.0,0.0,0.0,0.0,0.0,0.0,0.0
2025-01-05,104.35,129.36,80.66,394.03,5.8,83.94,10.42,16.769360475718482,5.171788577098731,17.345517390714356,8.336,9.009517390714356,9.009517390714356
2025-01-12,143.35,172.61,117.29,588.12,10.49,98.06,37.96,19.91657968572304,7.240504007938222,20.600867862699804,30.368,1.7297702954095346,0.0
2025-01-19,146.57999999999998,177.67,120.87,577.95,11.47,108.67,26.1,21.98819940139293,7.240504007938222,22.74366369901861,20.88,4.717360184851473,1.863663699018616
2025-01-26,141.15,175.8,111.73,581.77,8.61,105.21,46.57,20.78177336889624,7.240504007938222,21.49578762422244,37.256,3.356105780040897,0.0
2025-02-02,146.08,182.69,114.99,565.1,9.23,117.58,41.06,23.2206638718966,7.240504007938222,24.0184728330648,32.848,4.046590878472047,0.0
2025-02-09,147.78,185.15,117.56,568.51,9.38,122.44,10.46,24.00743516275664,7.240504007938222,24.83227578803664,8.368,16.464275788036637,16.464275788036637
2025-02-16,152.07999999999998,190.68,118.06,553.95,11.33,121.04,7.08,24.82043336924913,7.240504007938222,25.67320675554456,5.664000000000001,20.009206755544565,20.00920675554456
2025-02-23,154.46,194.75,120.91,531.78,11.43,98.92,43.73,22.623998945152607,7.240504007938222,23.4013078625668,34.984,13.030319898613056,0.0
2025-03-02,147.89,182.48,118.17,555.79,8.25,99.43,9.55,20.918584878680075,7.240504007938222,21.637299664925568,7.640000000000001,14.18293286837102,13.997299664925569
2025-03-09,152.17,193.88,118.29,521.87,10.37,118.37,24.44,25.287309341053877,7.240504007938222,26.15612351912489,19.552,17.496620855817373,6.60412351912489
2025-03-16,145.38,177.9,120.43,568.4,8.34,98.93,74.94,20.41698752818127,7.240504007938222,21.11846857540303,59.952,10.592397987206883,0.0
2025-03-23,148.43,185.31,116.17,534.87,9.36,104.78,17.380000000000003,22.513798430109475,7.240504007938222,23.2873211095887,13.904000000000002,13.009284412363192,9.383321109588698
2025-03-30,151.89,188.68,119.55,544.39,9.87,122.49,16.52,25.196125253970564,7.905509414299961,28.50707328288675,13.216,15.29107328288675,15.29107328288675
2025-04-06,152.3,192.64,117.22,536.63,9.38,127.29,9.61,26.07436361703036,8.016343648693583,29.86015131072976,7.688,22.17215131072976,22.172151310729763
2025-04-13,160.81,201.89,124.19,515.5,8.64,119.23,20.27,25.94904482342446,8.016343648693583,29.716637237131973,16.216,17.881309531569563,13.500637237131972
2025-04-20,160.24,202.18,122.8,514.31,10.14,126.49,6.86,27.48837961010033,8.016343648693583,31.47947104290085,5.488,25.99147104290085,25.99147104290085
2025-04-27,151.01,185.33,122.99,531.99,8.98,113.62,32.38,24.21586071639634,8.016343648693583,27.73180875021889,25.904000000000003,10.363599930308574,1.827808750218889
2025-05-04,150.22,187.2,120.6,558.54,9.2,132.1,23.82,26.229556128229312,7.905150698916313,29.54497588279268,19.056,16.071285104465957,10.488975882792676
2025-05-11,153.92,194.43,115.69,543.09,11.62,140.72,12.66,28.46329894875317,7.237993000252688,29.431022650739305,10.128,21.402646009572987,19.303022650739305
2025-05-18,159.04,203.37,116.6,523.08,12.89,153.51,2.45,31.618658501424477,7.546660949856386,34.12559652683106,1.96,32.16559652683105,32.16559652683106
2025-05-25,155.36,190.08,126.45,533.76,9.24,116.3,9.67,24.733949319604044,7.670128129697864,27.101794347830904,7.736000000000001,19.3657943478309,19.365794347830903
2025-06-01,151.6,191.32,120.4,560.72,8.6,106.49,35.09,22.531479407497923,7.670128129697864,24.68847628673685,28.072000000000003,5.019389083431816,0.0
2025-06-08,149.17,180.63,122.29,570.52,7.81,116.05,52.23,23.053056977664838,7.670128129697864,25.25998582855924,41.784000000000006,11.722595425667206,0.0
2025-06-15,147.1,178.03,118.37,592.06,10.83,108.12,61.43000000000001,21.380982866404263,7.670128129697864,23.427839732027916,49.144,9.678089151630406,0.0
2025-06-22,149.7,182.46,123.26,584.38,10.85,109.02,26.61,21.92639991571033,7.670128129697864,24.02547096807067,21.288,13.22648912148011,2.737470968070671
2025-06-29,150.77,183.55,123.32,575.69,8.9,99.66,65.31,20.577808961572966,7.670128129697864,22.54777590910137,52.248,5.077839202086492,0.0
2025-07-06,149.4,182.16,120.78,572.61,11.69,114.49,17.93,22.776990636125397,7.670128129697864,24.95749094114432,14.344,12.381356639128178,10.613490941144317
2025-07-13,152.59,190.87,117.62,548.91,11.79,135.71,13.35,26.488357937097724,7.670128129697864,29.02415704611985,10.68,19.95879646432097,18.344157046119847
2025-07-20,153.55,191.08,122.21,550.44,10.53,127.86,7.99,25.382737906409343,7.670128129697864,27.812693146385516,6.392,21.420693146385517,21.420693146385517
2025-07-27,157.61,201.98,114.25,504.01,10.76,130.41,0.29,26.965081356142967,7.670128129697864,29.54651843276337,0.2319999999999999,29.31451843276337,29.31451843276337
2025-08-03,161.72,209.61,119.66,468.8,12.0,136.32999999999998,0.8700000000000001,29.602449162696512,7.670128129697864,32.43636829010707,0.696,31.74036829010707,31.740368290107067
2025-08-10,150.03,200.27,107.21,457.97,15.15,137.91,1.34,29.960501232413915,7.670128129697864,32.82869761179793,1.072,31.75669761179793,31.75669761179793
2025-08-17,153.69,202.8,109.04,458.03,11.7,134.41,4.22,28.48728185781887,6.340964001403258,25.861424613081866,3.376,22.485424613081868,22.485424613081864
2025-08-24,146.92,203.84,99.64,441.33,16.64,147.56,0.48,32.05944812077482,5.946137584462463,27.19355384141213,0.3839999999999999,26.80955384141213,26.80955384141213
2025-08-31,148.86,208.54,96.29,428.91,14.12,150.74,0.0,32.11713884294502,5.620249382317674,25.77370507653435,0.0,25.77370507653435,25.77370507653435
2025-09-07,154.58,199.68,115.03,456.91,11.11,107.13,11.84,24.984430605476447,5.582320267979774,19.92444190755505,9.472,14.137714136847109,10.452441907555048
2025-09-14,157.82999999999998,208.77,111.38,433.41,11.37,138.75,1.74,30.03573235467185,5.308330681098228,22.84284706822748,1.392,21.45084706822748,21.45084706822748
2025-09-21,154.88,203.02,112.81,435.62,10.75,110.34,3.21,25.841942315429627,5.097045736991035,18.809669978448653,2.568,16.241669978448655,16.241669978448652
2025-09-28,158.93,208.79,117.32,407.59,10.64,114.77,1.22,27.682738389263896,5.062289213314827,20.01971827756956,0.976,19.04371827756956,19.04371827756956
2025-10-05,160.0,220.99,105.8,343.88,13.44,161.59,0.1,37.48136242487004,5.130866324046476,27.478647893637905,0.08,27.398647893637907,27.398647893637907
2025-10-12,161.82,210.97,121.3,443.67,12.05,121.82,16.84,28.92880266569164,5.158297168339136,21.31762298198269,13.472,11.21050496069974,7.8456229819826895
2025-10-19,160.51,208.09,119.26,421.59,13.15,126.31,4.04,30.509025684079575,5.158297168339136,22.48208868499624,3.232,19.25008868499624,19.25008868499624
2025-10-26,162.81,209.08,123.59,424.26,13.4,133.06,5.59,31.94700762056347,5.158297168339136,23.54173699229448,4.472,19.06973699229448,19.06973699229448
2025-11-02,166.32,212.77,125.69,404.97,16.46,120.26,5.09,32.853523538872984,5.158297168339136,24.20974820579024,4.072,20.13774820579024,20.13774820579024
2025-11-09,168.13,214.83,131.35,408.03,13.25,141.59,4.92,34.45634086286495,5.158297168339136,25.39086364346348,3.936,21.45486364346348,21.45486364346348
